no,n,orbit,members,loops,loop_nodes,rep,rep_edges,rep_weight,es_lo,vc_min,chi_min,es_up,mindeg_g,nodes,edges,selfloops,density,min_degree,max_degree,aspl,aspl_se,diameter,diameter_exactly_known,chi_og
1,3,0,2,1,1,3,2,2,1,1,2,1,2,2,1,1,1.0,1,1,1.0,0.0,1,True,2
2,4,1,2,1,1,7,3,3,1,1,2,1,3,2,1,1,1.0,1,1,1.0,0.0,1,True,2
3,4,0,4,2,2,13,3,3,2,2,2,2,2,4,3,2,0.5,1,2,1.6666666666666667,0.0,3,True,2
4,5,0,2,1,1,15,4,4,1,1,2,1,4,2,1,1,1.0,1,1,1.0,0.0,1,True,2
5,5,3,6,3,3,29,4,4,2,2,2,2,3,6,6,3,0.4,2,2,1.8,0.0,3,True,2
6,5,2,10,6,6,58,4,4,2,2,2,2,2,10,13,6,0.28888888888888886,2,3,2.0444444444444443,0.0,3,True,3
7,5,1,3,1,1,220,5,5,2,3,3,3,2,3,2,1,0.6666666666666666,1,2,1.3333333333333333,0.0,2,True,2
8,6,10,2,1,1,31,5,5,1,1,2,1,5,2,1,1,1.0,1,1,1.0,0.0,1,True,2
9,6,8,6,3,3,61,5,5,2,2,2,2,4,6,6,3,0.4,2,2,1.8,0.0,3,True,3
10,6,2,4,2,2,121,5,5,2,2,2,2,3,4,3,2,0.5,1,2,1.6666666666666667,0.0,3,True,2
11,6,5,16,10,10,122,5,5,2,2,2,2,3,16,24,10,0.2,3,3,2.25,0.0,3,True,3
12,6,3,10,7,7,659,5,5,3,3,2,3,3,10,13,7,0.28888888888888886,2,3,2.0444444444444443,0.0,3,True,3
13,6,4,25,14,14,692,5,5,3,3,2,3,2,25,44,14,0.14666666666666667,2,4,2.506666666666667,0.0,5,True,4
14,6,7,5,3,3,246,6,6,2,2,2,2,3,5,5,3,0.5,1,3,1.7,0.0,3,True,3
15,6,6,5,4,4,691,6,6,3,3,3,3,3,5,5,4,0.5,1,3,1.7,0.0,3,True,3
16,6,1,21,8,8,700,6,6,3,3,3,3,3,21,39,8,0.18571428571428572,2,5,2.3190476190476192,0.0,4,True,3
17,6,0,16,1,1,1880,6,6,3,3,2,3,2,16,28,1,0.23333333333333334,1,6,2.216666666666667,0.0,4,True,3
18,6,9,2,1,1,7100,9,9,3,4,3,4,3,2,1,1,1.0,1,1,1.0,0.0,1,True,2
19,7,25,2,1,1,63,6,6,1,1,2,1,6,2,1,1,1.0,1,1,1.0,0.0,1,True,2
20,7,17,6,3,3,125,6,6,2,2,2,2,5,6,6,3,0.4,2,2,1.8,0.0,3,True,2
21,7,24,6,3,3,249,6,6,2,2,2,2,4,6,6,3,0.4,2,2,1.8,0.0,3,True,3
22,7,10,16,10,10,250,6,6,2,2,2,2,4,16,24,10,0.2,3,3,2.25,0.0,3,True,4
23,7,2,10,6,6,498,6,6,2,2,2,2,3,10,13,6,0.28888888888888886,2,3,2.0444444444444443,0.0,3,True,3
24,7,20,10,7,7,2355,6,6,3,3,2,3,4,10,13,7,0.28888888888888886,2,3,2.0444444444444443,0.0,3,True,3
25,7,19,16,11,11,2417,6,6,3,3,2,3,3,16,24,11,0.2,3,3,2.25,0.0,3,True,3
26,7,11,44,26,26,2420,6,6,3,3,2,3,3,44,88,26,0.09302325581395349,4,4,2.8372093023255816,0.0,5,True,4
27,7,8,44,30,30,2858,6,6,3,3,2,3,3,44,88,30,0.09302325581395349,4,4,2.8372093023255816,0.0,5,True,4
28,7,21,14,10,10,6820,6,6,3,3,2,3,3,14,20,10,0.21978021978021978,2,4,2.340659340659341,0.0,5,True,3
29,7,7,66,38,38,6824,6,6,3,3,2,3,2,66,153,38,0.07132867132867132,3,5,3.055011655011655,0.0,6,True,5
30,7,4,10,7,7,502,7,7,2,2,2,2,4,10,13,7,0.28888888888888886,2,3,2.0444444444444443,0.0,3,True,3
31,7,23,10,8,8,2419,7,7,3,3,3,3,4,10,13,8,0.28888888888888886,2,3,2.0444444444444443,0.0,3,True,3
32,7,18,21,8,8,2428,7,7,3,3,3,3,4,21,39,8,0.18571428571428572,2,5,2.3190476190476192,0.0,4,True,4
33,7,22,26,20,20,2922,7,7,3,3,2,3,3,26,48,20,0.1476923076923077,3,4,2.5015384615384617,0.0,4,True,4
34,7,1,36,20,20,2924,7,7,3,3,3,3,3,36,78,20,0.12380952380952381,3,5,2.541269841269841,0.0,4,True,4
35,7,12,28,20,20,6821,7,7,3,3,3,3,3,28,50,20,0.13227513227513227,3,4,2.6296296296296298,0.0,5,True,3
36,7,5,72,38,38,6825,7,7,3,3,3,3,3,72,168,38,0.06572769953051644,3,5,3.0610328638497655,0.0,5,True,4
37,7,6,114,36,36,6840,7,7,3,3,2,3,3,114,300,36,0.04657661853749418,4,6,3.2925011644154636,0.0,6,True,5
38,7,3,56,22,22,42100,7,7,3,4,3,4,3,56,135,22,0.08766233766233766,3,6,2.8454545454545452,0.0,5,True,4
39,7,9,92,0,0,44336,7,7,3,4,3,4,2,92,271,0,0.06473960821786909,1,7,3.015527950310559,0.0,7,True,5
40,7,13,33,1,1,42232,8,8,3,4,3,4,3,33,79,1,0.14962121212121213,3,7,2.4318181818181817,0.0,5,True,5
41,7,0,57,22,22,43814,8,8,3,4,3,4,3,57,142,22,0.08897243107769423,3,6,2.793859649122807,0.0,5,True,4
42,7,16,9,1,1,15796,9,9,3,3,2,3,3,9,15,1,0.4166666666666667,2,5,1.8055555555555556,0.0,3,True,3
43,7,14,46,2,2,44280,9,9,3,4,3,4,3,46,107,2,0.10338164251207729,2,7,2.8067632850241546,0.0,5,True,5
44,7,15,9,4,4,43900,10,10,3,4,3,4,4,9,12,4,0.3333333333333333,1,4,1.9722222222222223,0.0,4,True,3
45,8,96,2,1,1,127,7,7,1,1,2,1,7,2,1,1,1.0,1,1,1.0,0.0,1,True,2
46,8,90,6,3,3,253,7,7,2,2,2,2,6,6,6,3,0.4,2,2,1.8,0.0,3,True,2
47,8,92,6,3,3,505,7,7,2,2,2,2,5,6,6,3,0.4,2,2,1.8,0.0,3,True,2
48,8,94,16,10,10,506,7,7,2,2,2,2,5,16,24,10,0.2,3,3,2.25,0.0,3,True,3
49,8,80,4,2,2,1009,7,7,2,2,2,2,4,4,3,2,0.5,1,2,1.6666666666666667,0.0,3,True,2
50,8,82,16,10,10,1010,7,7,2,2,2,2,4,16,24,10,0.2,3,3,2.25,0.0,3,True,4
51,8,83,10,7,7,8819,7,7,3,3,2,3,5,10,13,7,0.28888888888888886,2,3,2.0444444444444443,0.0,3,True,3
52,8,11,16,11,11,8945,7,7,3,3,2,3,4,16,24,11,0.2,3,3,2.25,0.0,3,True,4
53,8,84,44,26,26,8948,7,7,3,3,2,3,4,44,88,26,0.09302325581395349,4,4,2.8372093023255816,0.0,5,True,4
54,8,76,16,11,11,9827,7,7,3,3,2,3,4,16,24,11,0.2,3,3,2.25,0.0,3,True,4
55,8,85,44,30,30,9834,7,7,3,3,2,3,4,44,88,30,0.09302325581395349,4,4,2.8372093023255816,0.0,5,True,4
56,8,51,10,7,7,9954,7,7,3,3,2,3,3,10,13,7,0.28888888888888886,2,3,2.0444444444444443,0.0,3,True,3
57,8,78,25,14,14,9956,7,7,3,3,2,3,3,25,44,14,0.14666666666666667,2,4,2.506666666666667,0.0,5,True,4
58,8,22,44,30,30,9960,7,7,3,3,2,3,3,44,88,30,0.09302325581395349,4,4,2.8372093023255816,0.0,5,True,4
59,8,59,44,30,30,25953,7,7,3,3,2,3,3,44,88,30,0.09302325581395349,4,4,2.8372093023255816,0.0,5,True,4
60,8,64,26,20,20,25956,7,7,3,3,2,3,3,26,46,20,0.14153846153846153,3,4,2.5507692307692307,0.0,5,True,3
61,8,69,120,72,72,25960,7,7,3,3,2,3,3,120,300,72,0.04201680672268908,5,5,3.4453781512605044,0.0,6,True,5
62,8,45,66,48,48,27732,7,7,3,3,2,3,3,66,153,48,0.07132867132867132,3,5,3.055011655011655,0.0,6,True,5
63,8,66,14,11,11,297031,7,7,4,4,2,4,4,14,20,11,0.21978021978021978,2,4,2.340659340659341,0.0,5,True,3
64,8,77,25,18,18,297157,7,7,4,4,2,4,3,25,44,18,0.14666666666666667,2,4,2.506666666666667,0.0,5,True,4
65,8,4,120,82,82,297172,7,7,4,4,2,4,3,120,300,82,0.04201680672268908,5,5,3.4453781512605044,0.0,6,True,5
66,8,18,72,54,54,297440,7,7,4,4,2,4,3,72,164,54,0.06416275430359937,4,5,3.176056338028169,0.0,5,True,4
67,8,28,172,101,101,305744,7,7,4,4,2,4,2,172,492,101,0.03345573235414117,3,6,3.540595675234598,0.0,7,True,5
68,8,87,10,7,7,1014,8,8,2,2,2,2,5,10,13,7,0.28888888888888886,2,3,2.0444444444444443,0.0,3,True,3
69,8,89,10,7,7,2022,8,8,2,2,2,2,4,10,13,7,0.28888888888888886,2,3,2.0444444444444443,0.0,3,True,3
70,8,75,10,8,8,8947,8,8,3,3,3,3,5,10,13,8,0.28888888888888886,2,3,2.0444444444444443,0.0,3,True,3
71,8,60,21,8,8,8956,8,8,3,3,3,3,5,21,39,8,0.18571428571428572,2,5,2.3190476190476192,0.0,4,True,3
72,8,79,10,8,8,9955,8,8,3,3,3,3,4,10,13,8,0.28888888888888886,2,3,2.0444444444444443,0.0,3,True,3
73,8,47,44,34,34,9962,8,8,3,3,2,3,4,44,88,34,0.09302325581395349,4,4,2.8372093023255816,0.0,5,True,4
74,8,71,66,38,38,9964,8,8,3,3,3,3,4,66,159,38,0.07412587412587412,4,5,2.8797202797202797,0.0,5,True,4
75,8,95,26,21,21,11866,8,8,3,3,2,3,4,26,48,21,0.1476923076923077,3,4,2.5015384615384617,0.0,4,True,4
76,8,58,26,20,20,25955,8,8,3,3,2,3,3,26,48,20,0.1476923076923077,3,4,2.5015384615384617,0.0,4,True,4
77,8,5,44,32,32,25957,8,8,3,3,3,3,4,44,88,32,0.09302325581395349,4,4,2.8372093023255816,0.0,5,True,4
78,8,2,132,72,72,25961,8,8,3,3,3,3,4,132,330,72,0.03816793893129771,5,5,3.455933379597502,0.0,5,True,4
79,8,61,114,36,36,25976,8,8,3,3,2,3,4,114,300,36,0.04657661853749418,4,6,3.2925011644154636,0.0,6,True,5
80,8,53,28,20,20,26084,8,8,3,3,3,3,3,28,50,20,0.13227513227513227,3,4,2.6296296296296298,0.0,5,True,3
81,8,9,72,52,52,27860,8,8,3,3,3,3,3,72,168,52,0.06572769953051644,3,5,3.0610328638497655,0.0,5,True,4
82,8,43,72,54,54,27988,8,8,3,3,2,3,3,72,168,54,0.06572769953051644,4,5,3.132237871674491,0.0,5,True,4
83,8,34,198,108,108,27992,8,8,3,3,2,3,3,198,570,108,0.029226272881095215,4,6,3.6200071783828127,0.0,6,True,5
84,8,67,28,22,22,297159,8,8,4,4,3,4,4,28,50,22,0.13227513227513227,3,4,2.6296296296296298,0.0,5,True,4
85,8,23,56,29,29,297204,8,8,4,4,3,4,4,56,135,29,0.08766233766233766,3,6,2.8454545454545452,0.0,5,True,5
86,8,88,10,8,8,297414,8,8,4,4,2,4,3,10,13,8,0.28888888888888886,1,4,2.1333333333333333,0.0,4,True,3
87,8,72,72,51,51,297418,8,8,4,4,3,4,3,72,168,51,0.06572769953051644,3,5,3.0610328638497655,0.0,5,True,5
88,8,44,63,32,32,297432,8,8,4,4,2,4,3,63,150,32,0.07680491551459294,2,6,2.9359959037378394,0.0,6,True,4
89,8,48,66,45,45,297442,8,8,4,4,2,4,3,66,153,45,0.07132867132867132,3,5,3.055011655011655,0.0,6,True,4
90,8,6,176,100,100,297448,8,8,4,4,3,4,3,176,516,100,0.033506493506493505,5,6,3.451168831168831,0.0,6,True,5
91,8,27,56,22,22,304737,8,8,3,4,3,4,3,56,135,22,0.08766233766233766,3,6,2.8454545454545452,0.0,5,True,4
92,8,42,76,56,56,305608,8,8,4,4,3,4,3,76,174,56,0.061052631578947365,4,5,3.2126315789473683,0.0,6,True,4
93,8,31,66,49,49,305740,8,8,4,4,3,4,3,66,153,49,0.07132867132867132,3,5,3.055011655011655,0.0,6,True,5
94,8,36,194,101,101,305745,8,8,4,4,2,4,3,194,558,101,0.029806100101490304,3,6,3.5345334116767266,0.0,7,True,5
95,8,12,352,208,208,305752,8,8,4,4,3,4,3,352,1056,208,0.017094017094017096,6,6,4.064685314685315,0.0,7,True,5
96,8,8,542,172,172,305776,8,8,4,4,3,4,3,542,1849,172,0.012611604859116983,4,7,4.147171767466288,0.0,7,True,6
97,8,63,154,60,60,306784,8,8,4,4,3,4,3,154,446,60,0.037857567269331975,4,7,3.4918088447500213,0.0,6,True,5
98,8,26,300,114,114,365668,8,8,4,4,2,4,3,300,942,114,0.02100334448160535,5,7,3.8855295429208474,0.0,7,True,6
99,8,39,214,0,0,873568,8,8,4,4,2,4,2,214,749,0,0.03286384976525822,1,8,3.378131718660875,0.0,8,True,6
100,8,57,14,9,9,11996,9,9,3,3,3,3,4,14,25,9,0.27472527472527475,2,5,1.989010989010989,0.0,4,True,3
101,8,55,66,46,46,27990,9,9,3,3,3,3,4,66,159,46,0.07412587412587412,4,5,2.8797202797202797,0.0,5,True,4
102,8,97,6,5,5,60236,9,9,3,3,2,3,3,6,7,5,0.4666666666666667,2,3,1.8,0.0,3,True,3
103,8,7,66,34,34,60244,9,9,3,3,2,3,3,66,159,34,0.07412587412587412,4,6,2.9874125874125874,0.0,5,True,4
104,8,91,17,14,14,297415,9,9,4,4,3,4,4,17,27,14,0.19852941176470587,2,4,2.360294117647059,0.0,4,True,4
105,8,16,87,25,25,297464,9,9,4,4,3,4,4,87,242,25,0.06468858593958834,3,7,2.9933172948409514,0.0,5,True,5
106,8,52,57,22,22,304742,9,9,3,4,3,4,4,57,142,22,0.08897243107769423,3,6,2.793859649122807,0.0,5,True,5
107,8,1,72,47,47,305609,9,9,4,4,3,4,3,72,168,47,0.06572769953051644,3,5,3.0610328638497655,0.0,5,True,4
108,8,46,114,64,64,305624,9,9,4,4,3,4,3,114,300,64,0.04657661853749418,4,6,3.2925011644154636,0.0,6,True,5
109,8,24,372,208,208,305753,9,9,4,4,3,4,3,372,1116,208,0.016172506738544475,6,6,4.082427614990001,0.0,7,True,6
110,8,56,28,19,19,305868,9,9,4,4,3,4,3,28,58,19,0.15343915343915343,3,5,2.433862433862434,0.0,4,True,4
111,8,38,70,42,42,306776,9,9,4,4,3,4,3,70,166,42,0.06873706004140787,3,6,3.094409937888199,0.0,6,True,4
112,8,3,264,88,88,306786,9,9,4,4,3,4,3,264,886,88,0.025521373430118677,6,7,3.526529554096094,0.0,6,True,5
113,8,10,542,176,176,306792,9,9,4,4,3,4,3,542,1849,176,0.012611604859116983,4,7,4.147171767466288,0.0,7,True,6
114,8,50,262,0,0,365928,9,9,4,4,3,4,3,262,967,0,0.02828229651077769,4,8,3.3682548038957623,0.0,6,True,6
115,8,19,174,63,63,871497,9,9,4,4,3,4,3,174,513,63,0.03408411401235798,3,7,3.478705733838283,0.0,6,True,6
116,8,0,542,194,194,871498,9,9,4,4,3,4,3,542,1849,194,0.012611604859116983,4,7,4.147171767466288,0.0,7,True,6
117,8,25,156,59,59,871648,9,9,4,4,3,4,3,156,469,59,0.03879239040529363,4,7,3.410090984284533,0.0,6,True,5
118,8,13,117,2,2,873072,9,9,4,4,2,4,3,117,340,2,0.050103153551429414,2,8,3.256557618626584,0.0,7,True,5
119,8,20,802,0,0,873572,9,9,4,4,3,4,3,802,3044,0,0.009476931890000342,3,8,4.264815489366471,0.0,8,True,6
120,8,49,10,8,8,60237,10,10,3,3,3,3,4,10,14,8,0.3111111111111111,2,4,2.022222222222222,0.0,4,True,3
121,8,74,37,11,11,60276,10,10,3,3,2,3,4,37,91,11,0.13663663663663664,2,7,2.512012012012012,0.0,5,True,4
122,8,100,7,5,5,305607,10,10,4,4,3,4,4,7,7,5,0.3333333333333333,1,3,2.238095238095238,0.0,5,True,3
123,8,40,46,14,14,305656,10,10,4,4,3,4,4,46,107,14,0.10338164251207729,2,7,2.8067632850241546,0.0,5,True,5
124,8,29,103,58,58,306778,10,10,4,4,3,4,4,103,281,58,0.05349324195697697,3,6,3.1376356367789833,0.0,6,True,5
125,8,17,170,58,58,306790,10,10,4,4,3,4,4,170,513,58,0.03571179951270449,4,7,3.4096762965541245,0.0,6,True,5
126,8,68,36,20,20,322904,10,10,4,4,3,4,3,36,77,20,0.12222222222222222,2,6,2.626984126984127,0.0,5,True,4
127,8,81,74,27,27,374116,10,10,4,4,2,4,3,74,197,27,0.07293594964827842,3,7,3.001851166234728,0.0,6,True,4
128,8,41,254,2,2,374120,10,10,4,4,3,4,3,254,856,2,0.026640938657371386,4,8,3.5884970900376585,0.0,7,True,6
129,8,14,340,114,114,871652,10,10,4,4,3,4,3,340,1058,114,0.01835849384001388,5,7,3.941055006073226,0.0,7,True,6
130,8,32,476,4,4,873200,10,10,4,4,3,4,3,476,1702,4,0.015055285272003538,5,8,3.945077399380805,0.0,7,True,6
131,8,35,433,0,0,873700,10,10,4,4,3,4,3,433,1586,0,0.016957488666495595,2,8,3.821358309810966,0.0,8,True,6
132,8,65,28,1,1,5388912,10,10,4,5,3,5,3,28,74,1,0.19576719576719576,2,8,2.171957671957672,0.0,4,True,4
133,8,86,9,4,4,304892,11,11,3,4,3,4,5,9,12,4,0.3333333333333333,1,4,1.9722222222222223,0.0,4,True,3
134,8,54,39,20,20,306908,11,11,4,4,3,4,4,39,83,20,0.11201079622132254,2,6,2.673414304993252,0.0,5,True,4
135,8,33,46,17,17,880240,11,11,4,4,3,4,3,46,107,17,0.10338164251207729,2,7,2.8067632850241546,0.0,5,True,5
136,8,73,24,11,11,5388524,11,11,4,5,3,5,4,24,45,11,0.16304347826086957,2,5,2.4420289855072466,0.0,5,True,4
137,8,30,208,2,2,5388914,11,11,4,5,3,5,4,208,756,2,0.03511705685618729,4,8,3.247166480862133,0.0,6,True,6
138,8,15,267,6,6,5404272,11,11,4,5,3,5,3,267,879,6,0.02475289346962913,3,8,3.6490946467291825,0.0,7,True,5
139,8,21,298,0,0,5608274,11,11,4,5,3,5,3,298,1076,0,0.024314735724131696,3,8,3.4541387024608503,0.0,7,True,6
140,8,99,4,1,1,2022000,12,12,4,4,2,4,3,4,4,1,0.6666666666666666,1,3,1.3333333333333333,0.0,2,True,3
141,8,70,46,19,19,5389036,12,12,4,5,3,5,4,46,107,19,0.10338164251207729,2,7,2.8067632850241546,0.0,5,True,5
142,8,93,22,0,0,5683824,12,12,4,5,3,5,3,22,46,0,0.19913419913419914,1,8,2.242424242424242,0.0,5,True,4
143,8,37,28,1,1,2022001,13,13,4,4,3,4,4,28,59,1,0.15608465608465608,1,6,2.560846560846561,0.0,6,True,4
144,8,98,7,2,2,5405820,13,13,4,5,3,5,5,7,14,2,0.6666666666666666,3,5,1.3333333333333333,0.0,2,True,4
145,8,62,51,2,2,5406072,13,13,4,5,3,5,4,51,132,2,0.10352941176470588,2,8,2.7223529411764704,0.0,5,True,5
146,9,437,2,1,1,255,8,8,1,1,2,1,8,2,1,1,1.0,1,1,1.0,0.0,1,True,2
147,9,436,6,3,3,509,8,8,2,2,2,2,7,6,6,3,0.4,2,2,1.8,0.0,3,True,3
148,9,429,6,3,3,1017,8,8,2,2,2,2,6,6,6,3,0.4,2,2,1.8,0.0,3,True,2
149,9,363,16,10,10,1018,8,8,2,2,2,2,6,16,24,10,0.2,3,3,2.25,0.0,3,True,3
150,9,434,6,3,3,2033,8,8,2,2,2,2,5,6,6,3,0.4,2,2,1.8,0.0,3,True,3
151,9,428,16,10,10,2034,8,8,2,2,2,2,5,16,24,10,0.2,3,3,2.25,0.0,3,True,3
152,9,408,10,6,6,4066,8,8,2,2,2,2,4,10,13,6,0.28888888888888886,2,3,2.0444444444444443,0.0,3,True,3
153,9,410,10,7,7,34035,8,8,3,3,2,3,6,10,13,7,0.28888888888888886,2,3,2.0444444444444443,0.0,3,True,3
154,9,418,16,11,11,34289,8,8,3,3,2,3,5,16,24,11,0.2,3,3,2.25,0.0,3,True,3
155,9,379,44,26,26,34292,8,8,3,3,2,3,5,44,88,26,0.09302325581395349,4,4,2.8372093023255816,0.0,5,True,4
156,9,388,16,11,11,36067,8,8,3,3,2,3,5,16,24,11,0.2,3,3,2.25,0.0,3,True,3
157,9,405,44,30,30,36074,8,8,3,3,2,3,5,44,88,30,0.09302325581395349,4,4,2.8372093023255816,0.0,5,True,4
158,9,435,16,11,11,36321,8,8,3,3,2,3,4,16,24,11,0.2,3,3,2.25,0.0,3,True,3
159,9,402,16,11,11,36322,8,8,3,3,2,3,4,16,24,11,0.2,3,3,2.25,0.0,3,True,3
160,9,335,44,26,26,36324,8,8,3,3,2,3,4,44,88,26,0.09302325581395349,4,4,2.8372093023255816,0.0,5,True,4
161,9,346,44,30,30,36328,8,8,3,3,2,3,4,44,88,30,0.09302325581395349,4,4,2.8372093023255816,0.0,5,True,4
162,9,361,44,30,30,40138,8,8,3,3,2,3,4,44,88,30,0.09302325581395349,4,4,2.8372093023255816,0.0,5,True,4
163,9,305,44,30,30,101089,8,8,3,3,2,3,4,44,88,30,0.09302325581395349,4,4,2.8372093023255816,0.0,5,True,5
164,9,238,26,20,20,101092,8,8,3,3,2,3,4,26,46,20,0.14153846153846153,3,4,2.5507692307692307,0.0,5,True,3
165,9,355,120,72,72,101096,8,8,3,3,2,3,4,120,300,72,0.04201680672268908,5,5,3.4453781512605044,0.0,6,True,5
166,9,433,10,7,7,104643,8,8,3,3,2,3,4,10,13,7,0.28888888888888886,2,3,2.0444444444444443,0.0,3,True,3
167,9,349,44,30,30,104645,8,8,3,3,2,3,4,44,88,30,0.09302325581395349,4,4,2.8372093023255816,0.0,5,True,4
168,9,311,66,48,48,104660,8,8,3,3,2,3,4,66,153,48,0.07132867132867132,3,5,3.055011655011655,0.0,6,True,4
169,9,404,44,30,30,104900,8,8,3,3,2,3,3,44,88,30,0.09302325581395349,4,4,2.8372093023255816,0.0,5,True,4
170,9,417,26,20,20,105156,8,8,3,3,2,3,3,26,46,20,0.14153846153846153,3,4,2.5507692307692307,0.0,5,True,3
171,9,375,66,38,38,105160,8,8,3,3,2,3,3,66,153,38,0.07132867132867132,3,5,3.055011655011655,0.0,6,True,5
172,9,325,120,88,88,105168,8,8,3,3,2,3,3,120,300,88,0.04201680672268908,5,5,3.4453781512605044,0.0,6,True,5
173,9,426,14,11,11,2232519,8,8,4,4,2,4,5,14,20,11,0.21978021978021978,2,4,2.340659340659341,0.0,5,True,3
174,9,424,44,33,33,2232773,8,8,4,4,2,4,4,44,88,33,0.09302325581395349,4,4,2.8372093023255816,0.0,5,True,4
175,9,344,120,82,82,2232788,8,8,4,4,2,4,4,120,300,82,0.04201680672268908,5,5,3.4453781512605044,0.0,6,True,5
176,9,431,26,21,21,2233281,8,8,4,4,2,4,4,26,46,21,0.14153846153846153,3,4,2.5507692307692307,0.0,5,True,4
177,9,283,44,33,33,2233282,8,8,4,4,2,4,3,44,88,33,0.09302325581395349,4,4,2.8372093023255816,0.0,5,True,4
178,9,397,120,82,82,2233288,8,8,4,4,2,4,3,120,300,82,0.04201680672268908,5,5,3.4453781512605044,0.0,6,True,5
179,9,219,72,54,54,2233312,8,8,4,4,2,4,3,72,164,54,0.06416275430359937,4,5,3.176056338028169,0.0,5,True,5
180,9,407,72,58,58,2240678,8,8,4,4,2,4,4,72,164,58,0.06416275430359937,4,5,3.176056338028169,0.0,5,True,4
181,9,337,66,48,48,2240932,8,8,4,4,2,4,3,66,153,48,0.07132867132867132,3,5,3.055011655011655,0.0,6,True,4
182,9,342,120,82,82,2266305,8,8,4,4,2,4,3,120,300,82,0.04201680672268908,5,5,3.4453781512605044,0.0,6,True,5
183,9,163,112,86,86,2266308,8,8,4,4,2,4,3,112,280,86,0.04504504504504504,5,5,3.3873873873873874,0.0,5,True,4
184,9,259,328,196,196,2266320,8,8,4,4,2,4,3,328,984,196,0.01834862385321101,6,6,4.083687625867085,0.0,7,True,6
185,9,304,120,94,94,2273442,8,8,4,4,2,4,3,120,300,94,0.04201680672268908,5,5,3.4453781512605044,0.0,6,True,5
186,9,137,328,236,236,2273448,8,8,4,4,2,4,3,328,984,236,0.01834862385321101,6,6,4.083687625867085,0.0,7,True,5
187,9,234,72,58,58,2500756,8,8,4,4,2,4,3,72,164,58,0.06416275430359937,4,5,3.176056338028169,0.0,5,True,5
188,9,223,328,224,224,2500772,8,8,4,4,2,4,3,328,984,224,0.01834862385321101,6,6,4.083687625867085,0.0,7,True,5
189,9,317,174,126,126,2501312,8,8,4,4,2,4,3,174,486,126,0.032290213274865455,4,6,3.6754368480499635,0.0,7,True,5
190,9,413,18,14,14,6628488,8,8,4,4,2,4,4,18,27,14,0.17647058823529413,2,4,2.6470588235294117,0.0,5,True,3
191,9,326,196,148,148,6628496,8,8,4,4,2,4,3,196,544,148,0.028466771323914182,5,6,3.7982208267922553,0.0,7,True,5
192,9,91,464,274,274,6629536,8,8,4,4,2,4,2,464,1576,274,0.01467192969390035,4,7,4.1558520145974525,0.0,8,True,6
193,9,432,10,7,7,2038,9,9,2,2,2,2,6,10,13,7,0.28888888888888886,2,3,2.0444444444444443,0.0,3,True,3
194,9,423,16,12,12,4070,9,9,2,2,2,2,5,16,24,12,0.2,3,3,2.25,0.0,3,True,4
195,9,420,10,8,8,34291,9,9,3,3,3,3,6,10,13,8,0.28888888888888886,2,3,2.0444444444444443,0.0,3,True,3
196,9,87,21,8,8,34300,9,9,3,3,3,3,6,21,39,8,0.18571428571428572,2,5,2.3190476190476192,0.0,4,True,4
197,9,330,16,13,13,36323,9,9,3,3,3,3,5,16,24,13,0.2,3,3,2.25,0.0,3,True,3
198,9,369,44,34,34,36330,9,9,3,3,2,3,5,44,88,34,0.09302325581395349,4,4,2.8372093023255816,0.0,5,True,4
199,9,380,66,38,38,36332,9,9,3,3,3,3,5,66,159,38,0.07412587412587412,4,5,2.8797202797202797,0.0,5,True,4
200,9,421,26,21,21,40154,9,9,3,3,2,3,5,26,48,21,0.1476923076923077,3,4,2.5015384615384617,0.0,4,True,4
201,9,414,26,20,20,40394,9,9,3,3,2,3,4,26,48,20,0.1476923076923077,3,4,2.5015384615384617,0.0,4,True,4
202,9,425,36,20,20,40396,9,9,3,3,3,3,4,36,78,20,0.12380952380952381,3,5,2.541269841269841,0.0,4,True,4
203,9,321,44,36,36,40408,9,9,3,3,2,3,4,44,88,36,0.09302325581395349,4,4,2.8372093023255816,0.0,5,True,4
204,9,427,26,20,20,101091,9,9,3,3,2,3,4,26,48,20,0.1476923076923077,3,4,2.5015384615384617,0.0,4,True,4
205,9,308,44,32,32,101093,9,9,3,3,3,3,5,44,88,32,0.09302325581395349,4,4,2.8372093023255816,0.0,5,True,4
206,9,329,132,72,72,101097,9,9,3,3,3,3,5,132,330,72,0.03816793893129771,5,5,3.455933379597502,0.0,5,True,5
207,9,253,114,36,36,101112,9,9,3,3,2,3,5,114,300,36,0.04657661853749418,4,6,3.2925011644154636,0.0,6,True,5
208,9,409,28,20,20,101348,9,9,3,3,3,3,4,28,50,20,0.13227513227513227,3,4,2.6296296296296298,0.0,5,True,3
209,9,439,5,4,4,104899,9,9,3,3,3,3,4,5,5,4,0.5,1,3,1.7,0.0,3,True,3
210,9,300,44,34,34,104901,9,9,3,3,2,3,4,44,88,34,0.09302325581395349,4,4,2.8372093023255816,0.0,5,True,4
211,9,365,72,52,52,104916,9,9,3,3,3,3,4,72,168,52,0.06572769953051644,3,5,3.0610328638497655,0.0,5,True,4
212,9,332,28,20,20,105157,9,9,3,3,3,3,4,28,50,20,0.13227513227513227,3,4,2.6296296296296298,0.0,5,True,4
213,9,383,44,32,32,105158,9,9,3,3,3,3,4,44,88,32,0.09302325581395349,4,4,2.8372093023255816,0.0,5,True,4
214,9,392,72,38,38,105161,9,9,3,3,3,3,4,72,168,38,0.06572769953051644,3,5,3.0610328638497655,0.0,5,True,4
215,9,214,132,96,96,105170,9,9,3,3,3,3,4,132,330,96,0.03816793893129771,5,5,3.455933379597502,0.0,5,True,5
216,9,285,120,92,92,105172,9,9,3,3,2,3,4,120,300,92,0.04201680672268908,5,5,3.4453781512605044,0.0,6,True,5
217,9,192,372,208,208,105176,9,9,3,3,2,3,4,372,1116,208,0.016172506738544475,6,6,4.082427614990001,0.0,7,True,5
218,9,358,26,21,21,112818,9,9,3,3,2,3,4,26,48,21,0.1476923076923077,3,4,2.5015384615384617,0.0,4,True,4
219,9,368,72,58,58,112820,9,9,3,3,2,3,4,72,168,58,0.06572769953051644,4,5,3.132237871674491,0.0,5,True,5
220,9,399,72,54,54,235204,9,9,3,3,2,3,3,72,168,54,0.06572769953051644,4,5,3.132237871674491,0.0,5,True,4
221,9,203,75,54,54,242344,9,9,3,3,2,3,3,75,198,54,0.07135135135135136,2,6,2.9931531531531532,0.0,6,True,5
222,9,396,28,22,22,2232775,9,9,4,4,3,4,5,28,50,22,0.13227513227513227,3,4,2.6296296296296298,0.0,5,True,4
223,9,406,56,29,29,2232820,9,9,4,4,3,4,5,56,135,29,0.08766233766233766,3,6,2.8454545454545452,0.0,5,True,4
224,9,258,44,35,35,2233283,9,9,4,4,3,4,4,44,88,35,0.09302325581395349,4,4,2.8372093023255816,0.0,5,True,4
225,9,403,26,23,23,2233286,9,9,4,4,2,4,4,26,48,23,0.1476923076923077,3,4,2.5015384615384617,0.0,4,True,4
226,9,20,132,94,94,2233290,9,9,4,4,3,4,4,132,330,94,0.03816793893129771,5,5,3.455933379597502,0.0,5,True,5
227,9,242,114,60,60,2233304,9,9,4,4,2,4,4,114,300,60,0.04657661853749418,4,6,3.2925011644154636,0.0,6,True,5
228,9,102,66,45,45,2233314,9,9,4,4,2,4,4,66,153,45,0.07132867132867132,3,5,3.055011655011655,0.0,6,True,5
229,9,366,176,100,100,2233320,9,9,4,4,3,4,4,176,516,100,0.033506493506493505,5,6,3.451168831168831,0.0,6,True,5
230,9,307,120,94,94,2240934,9,9,4,4,2,4,4,120,300,94,0.04201680672268908,5,5,3.4453781512605044,0.0,6,True,5
231,9,47,176,116,116,2240948,9,9,4,4,3,4,4,176,516,116,0.033506493506493505,5,6,3.451168831168831,0.0,6,True,5
232,9,351,42,36,36,2241504,9,9,4,4,2,4,4,42,89,36,0.10336817653890824,3,5,2.8118466898954706,0.0,5,True,5
233,9,371,56,22,22,2264289,9,9,3,4,3,4,4,56,135,22,0.08766233766233766,3,6,2.8454545454545452,0.0,5,True,4
234,9,376,28,22,22,2266049,9,9,4,4,3,4,4,28,50,22,0.13227513227513227,3,4,2.6296296296296298,0.0,5,True,3
235,9,291,76,56,56,2266056,9,9,4,4,3,4,3,76,174,56,0.061052631578947365,4,5,3.2126315789473683,0.0,6,True,5
236,9,226,72,51,51,2266307,9,9,4,4,3,4,4,72,168,51,0.06572769953051644,3,5,3.0610328638497655,0.0,5,True,4
237,9,289,120,86,86,2266309,9,9,4,4,2,4,3,120,300,86,0.04201680672268908,5,5,3.4453781512605044,0.0,6,True,5
238,9,176,120,90,90,2266310,9,9,4,4,3,4,4,120,300,90,0.04201680672268908,5,5,3.4453781512605044,0.0,6,True,5
239,9,301,66,49,49,2266316,9,9,4,4,3,4,4,66,153,49,0.07132867132867132,3,5,3.055011655011655,0.0,6,True,4
240,9,243,372,196,196,2266321,9,9,4,4,2,4,4,372,1116,196,0.016172506738544475,6,6,4.082427614990001,0.0,7,True,5
241,9,195,352,208,208,2266328,9,9,4,4,3,4,4,352,1056,208,0.017094017094017096,6,6,4.064685314685315,0.0,7,True,6
242,9,110,542,172,172,2266352,9,9,4,4,3,4,4,542,1849,172,0.012611604859116983,4,7,4.147171767466288,0.0,7,True,6
243,9,18,120,90,90,2266824,9,9,4,4,3,4,3,120,300,90,0.04201680672268908,5,5,3.4453781512605044,0.0,6,True,5
244,9,210,56,29,29,2268353,9,9,4,4,3,4,4,56,135,29,0.08766233766233766,3,6,2.8454545454545452,0.0,5,True,4
245,9,268,176,100,100,2268354,9,9,4,4,3,4,3,176,516,100,0.033506493506493505,5,6,3.451168831168831,0.0,6,True,5
246,9,127,352,208,208,2268360,9,9,4,4,3,4,3,352,1056,208,0.017094017094017096,6,6,4.064685314685315,0.0,7,True,5
247,9,244,154,60,60,2268384,9,9,4,4,3,4,3,154,446,60,0.037857567269331975,4,7,3.4918088447500213,0.0,6,True,5
248,9,385,76,64,64,2273446,9,9,4,4,3,4,4,76,174,64,0.061052631578947365,4,5,3.2126315789473683,0.0,6,True,4
249,9,73,154,88,88,2273464,9,9,4,4,3,4,4,154,446,88,0.037857567269331975,4,7,3.4918088447500213,0.0,6,True,5
250,9,135,72,58,58,2273698,9,9,4,4,2,4,3,72,168,58,0.06572769953051644,4,5,3.132237871674491,0.0,5,True,5
251,9,241,72,58,58,2273700,9,9,4,4,3,4,3,72,168,58,0.06572769953051644,3,5,3.0610328638497655,0.0,5,True,5
252,9,126,372,260,260,2273704,9,9,4,4,2,4,3,372,1116,260,0.016172506738544475,6,6,4.082427614990001,0.0,7,True,5
253,9,185,352,256,256,2273712,9,9,4,4,3,4,3,352,1056,256,0.017094017094017096,6,6,4.064685314685315,0.0,7,True,6
254,9,209,196,148,148,2274472,9,9,4,4,2,4,3,196,556,148,0.029094714809000524,5,6,3.752171637885924,0.0,6,True,5
255,9,2,542,290,290,2274480,9,9,4,4,3,4,3,542,1849,290,0.012611604859116983,4,7,4.147171767466288,0.0,7,True,6
256,9,276,120,96,96,2500757,9,9,4,4,3,4,4,120,300,96,0.04201680672268908,5,5,3.4453781512605044,0.0,6,True,4
257,9,233,352,236,236,2500773,9,9,4,4,3,4,4,352,1056,236,0.017094017094017096,6,6,4.064685314685315,0.0,7,True,5
258,9,107,300,150,150,2500836,9,9,4,4,2,4,4,300,942,150,0.02100334448160535,5,7,3.8855295429208474,0.0,7,True,6
259,9,422,76,60,60,2501012,9,9,4,4,3,4,3,76,174,60,0.061052631578947365,4,5,3.2126315789473683,0.0,6,True,4
260,9,237,72,60,60,2501268,9,9,4,4,2,4,3,72,168,60,0.06572769953051644,4,5,3.132237871674491,0.0,5,True,4
261,9,251,194,140,140,2501272,9,9,4,4,3,4,3,194,546,140,0.029165108701458255,4,6,3.6815875220340795,0.0,7,True,5
262,9,232,198,136,136,2501284,9,9,4,4,2,4,3,198,570,136,0.029226272881095215,4,6,3.6200071783828127,0.0,6,True,5
263,9,82,542,284,284,2501288,9,9,4,4,3,4,3,542,1849,284,0.012611604859116983,4,7,4.147171767466288,0.0,7,True,6
264,9,148,194,132,132,2501314,9,9,4,4,3,4,3,194,546,132,0.029165108701458255,4,6,3.6815875220340795,0.0,7,True,5
265,9,22,328,240,240,2501316,9,9,4,4,2,4,3,328,984,240,0.01834862385321101,6,6,4.083687625867085,0.0,7,True,5
266,9,250,484,276,276,2501320,9,9,4,4,3,4,3,484,1658,276,0.014184761220334343,6,7,4.11337542562839,0.0,7,True,6
267,9,116,984,556,556,2501344,9,9,4,4,2,4,3,984,3444,556,0.007121057985757884,7,7,4.700915564598169,0.0,7,True,6
268,9,206,300,114,114,6625473,9,9,4,4,2,4,3,300,942,114,0.02100334448160535,5,7,3.8855295429208474,0.0,7,True,5
269,9,381,46,38,38,6628489,9,9,4,4,3,4,4,46,95,38,0.09178743961352658,3,5,2.9584541062801932,0.0,5,True,4
270,9,139,352,248,248,6628497,9,9,4,4,3,4,3,352,1056,248,0.017094017094017096,6,6,4.064685314685315,0.0,7,True,5
271,9,199,300,174,174,6628528,9,9,4,4,2,4,3,300,942,174,0.02100334448160535,5,7,3.8855295429208474,0.0,7,True,5
272,9,262,208,152,152,6628752,9,9,4,4,3,4,3,208,580,152,0.026941657376439984,5,6,3.8435525826830172,0.0,7,True,5
273,9,26,328,244,244,6628768,9,9,4,4,3,4,3,328,984,244,0.01834862385321101,6,6,4.083687625867085,0.0,7,True,5
274,9,389,66,49,49,6629528,9,9,4,4,2,4,3,66,172,49,0.08018648018648018,2,6,3.006060606060606,0.0,6,True,4
275,9,145,542,274,274,6629537,9,9,4,4,3,4,3,542,1849,274,0.012611604859116983,4,7,4.147171767466288,0.0,7,True,6
276,9,12,968,560,560,6629540,9,9,4,4,3,4,3,968,3388,560,0.007238883143743537,7,7,4.726734297947986,0.0,8,True,6
277,9,101,984,580,580,6629552,9,9,4,4,2,4,3,984,3444,580,0.007121057985757884,7,7,4.700915564598169,0.0,7,True,7
278,9,130,1498,464,464,6629600,9,9,4,4,2,4,3,1498,5896,464,0.005258402876068113,5,8,4.76349316345196,0.0,8,True,6
279,9,156,828,300,300,6633664,9,9,4,4,2,4,3,828,3012,300,0.008797294218670593,6,8,4.554726063006385,0.0,8,True,6
280,9,271,74,51,51,73704592,9,9,4,4,3,4,3,74,182,51,0.06738245094409478,2,6,3.1747500925583116,0.0,7,True,5
281,9,357,91,57,57,76038604,9,9,4,5,3,5,4,91,245,57,0.05982905982905983,3,7,3.177045177045177,0.0,6,True,5
282,9,296,240,146,146,76039080,9,9,4,5,3,5,3,240,796,146,0.027754532775453276,4,7,3.535495118549512,0.0,6,True,6
283,9,266,154,80,80,76066953,9,9,4,5,3,5,3,154,446,80,0.037857567269331975,4,7,3.4918088447500213,0.0,6,True,5
284,9,58,420,164,164,76067984,9,9,4,5,3,5,3,420,1428,164,0.016229116945107397,5,8,4.13017388339584,0.0,7,True,6
285,9,245,488,292,292,76068000,9,9,4,5,3,5,3,488,1660,292,0.013969771434342075,4,7,4.123834449792978,0.0,7,True,6
286,9,8,1428,542,542,76075208,9,9,4,5,3,5,3,1428,5568,542,0.005464834847744284,5,8,4.778034269068525,0.0,9,True,7
287,9,64,498,0,0,78270656,9,9,4,5,3,5,2,498,2055,0,0.016605658044653464,1,9,3.7233440805475424,0.0,9,True,7
288,9,438,5,3,3,8142,10,10,2,2,2,2,5,5,5,3,0.5,1,3,1.7,0.0,3,True,3
289,9,395,36,25,25,40412,10,10,3,3,3,3,5,36,78,25,0.12380952380952381,3,5,2.541269841269841,0.0,4,True,4
290,9,339,132,92,92,105174,10,10,3,3,3,3,4,132,330,92,0.03816793893129771,5,5,3.455933379597502,0.0,5,True,5
291,9,313,66,54,54,113076,10,10,3,3,3,3,4,66,159,54,0.07412587412587412,4,5,2.8797202797202797,0.0,5,True,5
292,9,196,75,48,48,113336,10,10,3,3,2,3,4,75,198,48,0.07135135135135136,2,6,2.9931531531531532,0.0,6,True,5
293,9,315,66,46,46,235205,10,10,3,3,3,3,4,66,159,46,0.07412587412587412,4,5,2.8797202797202797,0.0,5,True,4
294,9,411,14,12,12,235212,10,10,3,3,2,3,4,14,20,12,0.21978021978021978,2,4,2.340659340659341,0.0,5,True,3
295,9,152,114,62,62,235220,10,10,3,3,2,3,4,114,300,62,0.04657661853749418,4,6,3.2925011644154636,0.0,6,True,5
296,9,6,204,142,142,242348,10,10,3,3,2,3,4,204,576,142,0.02781802376122863,4,6,3.695547184390998,0.0,7,True,5
297,9,360,24,20,20,243424,10,10,3,3,2,3,4,24,48,20,0.17391304347826086,3,5,2.427536231884058,0.0,4,True,4
298,9,430,28,23,23,2233287,10,10,4,4,3,4,4,28,50,23,0.13227513227513227,3,4,2.6296296296296298,0.0,5,True,4
299,9,71,87,25,25,2233336,10,10,4,4,3,4,5,87,242,25,0.06468858593958834,3,7,2.9933172948409514,0.0,5,True,5
300,9,316,94,68,68,2241450,10,10,4,4,3,4,4,94,258,68,0.059025394646533974,4,6,3.059025394646534,0.0,5,True,5
301,9,343,87,45,45,2241464,10,10,4,4,3,4,4,87,242,45,0.06468858593958834,3,7,2.9933172948409514,0.0,5,True,5
302,9,81,57,22,22,2264294,10,10,3,4,3,4,5,57,142,22,0.08897243107769423,3,6,2.793859649122807,0.0,5,True,4
303,9,320,26,22,22,2266051,10,10,4,4,3,4,4,26,48,22,0.1476923076923077,3,4,2.5015384615384617,0.0,4,True,4
304,9,401,72,47,47,2266057,10,10,4,4,3,4,4,72,168,47,0.06572769953051644,3,5,3.0610328638497655,0.0,5,True,5
305,9,378,114,64,64,2266072,10,10,4,4,3,4,4,114,300,64,0.04657661853749418,4,6,3.2925011644154636,0.0,6,True,5
306,9,336,132,90,90,2266311,10,10,4,4,3,4,4,132,330,90,0.03816793893129771,5,5,3.455933379597502,0.0,5,True,5
307,9,277,372,208,208,2266329,10,10,4,4,3,4,4,372,1116,208,0.016172506738544475,6,6,4.082427614990001,0.0,7,True,5
308,9,261,72,49,49,2266572,10,10,4,4,3,4,4,72,168,49,0.06572769953051644,3,5,3.0610328638497655,0.0,5,True,5
309,9,292,114,64,64,2268358,10,10,4,4,3,4,4,114,300,64,0.04657661853749418,4,6,3.2925011644154636,0.0,6,True,5
310,9,215,372,208,208,2268361,10,10,4,4,3,4,4,372,1116,208,0.016172506738544475,6,6,4.082427614990001,0.0,7,True,6
311,9,198,112,70,70,2268376,10,10,4,4,3,4,4,112,288,70,0.04633204633204633,4,6,3.343951093951094,0.0,6,True,5
312,9,35,264,88,88,2268386,10,10,4,4,3,4,4,264,886,88,0.025521373430118677,6,7,3.526529554096094,0.0,6,True,6
313,9,133,542,176,176,2268392,10,10,4,4,3,4,4,542,1849,176,0.012611604859116983,4,7,4.147171767466288,0.0,7,True,6
314,9,212,132,106,106,2273702,10,10,4,4,3,4,4,132,330,106,0.03816793893129771,5,5,3.455933379597502,0.0,5,True,5
315,9,334,264,144,144,2273720,10,10,4,4,3,4,4,264,886,144,0.025521373430118677,6,7,3.526529554096094,0.0,6,True,5
316,9,105,372,264,264,2274216,10,10,4,4,3,4,4,372,1116,264,0.016172506738544475,6,6,4.082427614990001,0.0,7,True,6
317,9,400,46,38,38,2274272,10,10,4,4,3,4,4,46,97,38,0.09371980676328502,3,5,2.9256038647342995,0.0,5,True,4
318,9,322,198,130,130,2274474,10,10,4,4,2,4,3,198,570,130,0.029226272881095215,4,6,3.6200071783828127,0.0,6,True,5
319,9,314,176,132,132,2274476,10,10,4,4,3,4,4,176,516,132,0.033506493506493505,5,6,3.451168831168831,0.0,6,True,5
320,9,134,1052,592,592,2274488,10,10,4,4,3,4,4,1052,3682,592,0.006660323501427212,7,7,4.722473255599411,0.0,7,True,6
321,9,348,91,57,57,2276576,10,10,4,4,3,4,4,91,252,57,0.06153846153846154,4,7,3.126007326007326,0.0,6,True,5
322,9,76,198,140,140,2339496,10,10,4,4,3,4,3,198,570,140,0.029226272881095215,4,6,3.6200071783828127,0.0,6,True,5
323,9,40,72,62,62,2501269,10,10,4,4,3,4,4,72,168,62,0.06572769953051644,4,5,3.132237871674491,0.0,5,True,5
324,9,169,132,104,104,2501270,10,10,4,4,3,4,4,132,330,104,0.03816793893129771,5,5,3.455933379597502,0.0,5,True,5
325,9,155,186,130,130,2501274,10,10,4,4,3,4,4,186,546,130,0.03173496076721883,5,6,3.467770996803255,0.0,6,True,5
326,9,273,198,142,142,2501285,10,10,4,4,3,4,4,198,570,142,0.029226272881095215,4,6,3.6200071783828127,0.0,6,True,5
327,9,179,352,252,252,2501318,10,10,4,4,3,4,4,352,1056,252,0.017094017094017096,6,6,4.064685314685315,0.0,7,True,5
328,9,284,528,276,276,2501322,10,10,4,4,3,4,4,528,1812,276,0.013023977919613593,6,7,4.096148870105226,0.0,7,True,6
329,9,160,754,212,212,2501352,10,10,4,4,3,4,4,754,2904,212,0.010229638475276612,5,8,4.178479715091887,0.0,7,True,6
330,9,359,38,30,30,2534036,10,10,4,4,2,4,3,38,74,30,0.10526315789473684,3,5,2.8890469416785205,0.0,5,True,4
331,9,49,220,160,160,2534040,10,10,4,4,3,4,3,220,616,160,0.025570776255707764,5,6,3.8069738480697386,0.0,7,True,6
332,9,128,204,134,134,2534052,10,10,4,4,2,4,3,204,576,134,0.02781802376122863,4,6,3.695547184390998,0.0,7,True,5
333,9,123,1052,568,568,2534056,10,10,4,4,3,4,3,1052,3682,568,0.006660323501427212,7,7,4.722473255599411,0.0,7,True,6
334,9,200,300,170,170,2534112,10,10,4,4,2,4,3,300,942,170,0.02100334448160535,5,7,3.8855295429208474,0.0,7,True,5
335,9,282,296,158,158,2534568,10,10,4,4,3,4,3,296,956,158,0.021896472743930372,4,7,3.7600320659642694,0.0,7,True,6
336,9,172,754,240,240,2534624,10,10,4,4,3,4,3,754,2904,240,0.010229638475276612,5,8,4.178479715091887,0.0,7,True,6
337,9,318,174,63,63,6625481,10,10,4,4,3,4,4,174,513,63,0.03408411401235798,3,7,3.478705733838283,0.0,6,True,6
338,9,257,542,194,194,6625482,10,10,4,4,3,4,4,542,1849,194,0.012611604859116983,4,7,4.147171767466288,0.0,7,True,6
339,9,302,156,59,59,6625760,10,10,4,4,3,4,3,156,469,59,0.03879239040529363,4,7,3.410090984284533,0.0,6,True,5
340,9,384,76,62,62,6628491,10,10,4,4,3,4,4,76,174,62,0.061052631578947365,4,5,3.2126315789473683,0.0,6,True,4
341,9,86,220,160,160,6628499,10,10,4,4,3,4,3,220,616,160,0.025570776255707764,5,6,3.8069738480697386,0.0,7,True,5
342,9,56,324,174,174,6628529,10,10,4,4,3,4,4,324,1014,174,0.01937851163857356,5,7,3.899782135076253,0.0,7,True,6
343,9,255,220,64,64,6628592,10,10,4,4,2,4,4,220,682,64,0.028310502283105023,4,8,3.6968451639684514,0.0,7,True,5
344,9,373,28,22,22,6628748,10,10,4,4,3,4,4,28,52,22,0.13756613756613756,2,5,2.6984126984126986,0.0,6,True,3
345,9,4,372,256,256,6628753,10,10,4,4,3,4,4,372,1116,256,0.016172506738544475,6,6,4.082427614990001,0.0,7,True,5
346,9,297,352,256,256,6628769,10,10,4,4,3,4,3,352,1056,256,0.017094017094017096,6,6,4.064685314685315,0.0,7,True,5
347,9,197,372,256,256,6628772,10,10,4,4,3,4,3,372,1116,256,0.016172506738544475,6,6,4.082427614990001,0.0,7,True,6
348,9,9,1052,580,580,6628784,10,10,4,4,3,4,3,1052,3682,580,0.006660323501427212,7,7,4.722473255599411,0.0,7,True,6
349,9,122,312,178,178,6628832,10,10,4,4,3,4,3,312,972,178,0.020034627751669552,5,7,3.9410091516200842,0.0,7,True,6
350,9,247,188,136,136,6629529,10,10,4,4,3,4,3,188,540,136,0.030720218454886792,4,6,3.618500398225054,0.0,6,True,5
351,9,207,1052,560,560,6629541,10,10,4,4,3,4,3,1052,3682,560,0.006660323501427212,7,7,4.722473255599411,0.0,7,True,6
352,9,157,1052,580,580,6629553,10,10,4,4,3,4,4,1052,3682,580,0.006660323501427212,7,7,4.722473255599411,0.0,7,True,6
353,9,138,1008,580,580,6629556,10,10,4,4,3,4,3,1008,3528,580,0.006951340615690168,7,7,4.715192068220866,0.0,7,True,6
354,9,54,1550,464,464,6629604,10,10,4,4,3,4,4,1550,6056,464,0.005044669818196964,5,8,4.791229305066745,0.0,9,True,7
355,9,80,544,298,298,6629796,10,10,4,4,3,4,3,544,1856,298,0.01256635250785397,4,7,4.127762430939226,0.0,7,True,6
356,9,63,1056,604,604,6629808,10,10,4,4,3,4,3,1056,3696,604,0.006635071090047393,7,7,4.717212408444636,0.0,7,True,6
357,9,55,1534,488,488,6629856,10,10,4,4,3,4,3,1534,6040,488,0.005136879991767385,5,8,4.7633488715448316,0.0,8,True,7
358,9,146,194,138,138,6630040,10,10,4,4,3,4,3,194,546,138,0.029165108701458255,4,6,3.6815875220340795,0.0,7,True,5
359,9,177,1052,580,580,6630064,10,10,4,4,3,4,3,1052,3682,580,0.006660323501427212,7,7,4.722473255599411,0.0,7,True,6
360,9,341,186,114,114,6633648,10,10,4,4,2,4,3,186,549,114,0.03190932868352223,4,7,3.608079046788724,0.0,6,True,5
361,9,220,1476,492,492,6633666,10,10,4,4,3,4,3,1476,5872,492,0.005394331909420789,7,8,4.652119792384364,0.0,8,True,7
362,9,119,924,300,300,6633672,10,10,4,4,2,4,3,924,3360,300,0.00787944449916281,6,8,4.539186165946729,0.0,7,True,6
363,9,100,1498,492,492,6633680,10,10,4,4,2,4,3,1498,5896,492,0.005258402876068113,5,8,4.76349316345196,0.0,8,True,6
364,9,180,763,0,0,7099600,10,10,4,4,2,4,3,763,3181,0,0.010942439534507728,2,9,4.0378496265948405,0.0,9,True,7
365,9,309,222,88,88,76039144,10,10,4,5,3,5,4,222,745,88,0.030369736252089195,4,8,3.5130651013003953,0.0,6,True,5
366,9,281,156,79,79,76066958,10,10,4,5,3,5,4,156,469,79,0.03879239040529363,4,7,3.410090984284533,0.0,6,True,6
367,9,256,300,184,184,76067974,10,10,4,5,3,5,3,300,942,184,0.02100334448160535,5,7,3.8855295429208474,0.0,7,True,6
368,9,350,98,58,58,76067977,10,10,4,5,3,5,4,98,262,58,0.05512308015989901,3,7,3.2674100568062276,0.0,6,True,5
369,9,190,272,146,146,76067978,10,10,4,5,3,5,3,272,902,146,0.02447362708921207,4,7,3.5773279791621446,0.0,6,True,5
370,9,120,754,242,242,76067986,10,10,4,5,3,5,3,754,2904,242,0.010229638475276612,5,8,4.178479715091887,0.0,7,True,6
371,9,51,984,592,592,76068001,10,10,4,5,3,5,3,984,3444,592,0.007121057985757884,7,7,4.700915564598169,0.0,7,True,6
372,9,0,542,292,292,76068008,10,10,4,5,3,5,3,542,1849,292,0.012611604859116983,4,7,4.147171767466288,0.0,7,True,6
373,9,23,3004,968,968,76068016,10,10,4,5,3,5,3,3004,12016,968,0.002664002664002664,8,8,5.37077879954045,0.0,9,True,7
374,9,272,308,182,182,76068064,10,10,4,5,3,5,3,308,946,182,0.020009306654257795,5,7,3.9906087397944074,0.0,7,True,5
375,9,390,105,7,7,76072176,10,10,4,5,3,5,4,105,327,7,0.05989010989010989,2,9,3.1406593406593406,0.0,7,True,5
376,9,186,704,264,264,76072400,10,10,4,5,3,5,3,704,2728,264,0.011024182076813657,7,8,4.124822190611664,0.0,7,True,6
377,9,97,1436,542,542,76076232,10,10,4,5,3,5,3,1436,5648,542,0.005481738860365125,5,8,4.754773713276329,0.0,8,True,6
378,9,106,2104,0,0,76076240,10,10,4,5,3,5,3,2104,9226,0,0.004170214920202716,5,9,4.733146021707175,0.0,8,True,7
379,9,231,474,174,174,76134592,10,10,4,5,3,5,3,474,1626,174,0.014504776942221747,4,8,4.132978296357749,0.0,7,True,6
380,9,83,1508,542,542,76139200,10,10,4,5,3,5,3,1508,5936,542,0.005224073686192991,5,8,4.749036767410792,0.0,8,True,7
381,9,84,1328,0,0,76142784,10,10,4,5,3,5,3,1328,5374,0,0.0060990003722501155,4,9,4.598421568716463,0.0,8,True,7
382,9,303,426,164,164,77997760,10,10,4,5,3,5,3,426,1492,164,0.01648163490748412,5,8,4.059817729908865,0.0,7,True,7
383,9,53,1498,542,542,78235808,10,10,4,5,3,5,3,1498,5896,542,0.005258402876068113,5,8,4.76349316345196,0.0,8,True,6
384,9,230,1472,542,542,78262720,10,10,4,5,3,5,3,1472,5744,542,0.005305470989861969,5,8,4.7925786214642505,0.0,9,True,7
385,9,10,4246,0,0,78270660,10,10,4,5,3,5,3,4246,18931,0,0.0021006121191038526,5,9,5.316255803979856,0.0,9,True,7
386,9,398,28,23,23,235213,11,11,3,3,3,3,4,28,50,23,0.13227513227513227,3,4,2.6296296296296298,0.0,5,True,3
387,9,386,37,11,11,235252,11,11,3,3,2,3,5,37,91,11,0.13663663663663664,2,7,2.512012012012012,0.0,5,True,4
388,9,295,89,45,45,243380,11,11,3,3,2,3,4,89,255,45,0.06511746680286006,3,7,2.981358529111338,0.0,5,True,5
389,9,419,21,17,17,243426,11,11,3,3,3,3,4,21,39,17,0.18571428571428572,2,5,2.3190476190476192,0.0,4,True,4
390,9,415,14,11,11,2266055,11,11,4,4,3,4,4,14,20,11,0.21978021978021978,2,4,2.340659340659341,0.0,5,True,3
391,9,286,46,14,14,2266104,11,11,4,4,3,4,5,46,107,14,0.10338164251207729,2,7,2.8067632850241546,0.0,5,True,5
392,9,319,186,110,110,2268378,11,11,4,4,3,4,4,186,546,110,0.03173496076721883,5,6,3.467770996803255,0.0,6,True,6
393,9,331,170,58,58,2268390,11,11,4,4,3,4,5,170,513,58,0.03571179951270449,4,7,3.4096762965541245,0.0,6,True,5
394,9,345,170,94,94,2274232,11,11,4,4,3,4,4,170,513,94,0.03571179951270449,4,7,3.4096762965541245,0.0,6,True,5
395,9,327,142,80,80,2276578,11,11,4,4,3,4,4,142,443,80,0.04425132354410149,4,7,3.2015782639096995,0.0,6,True,6
396,9,370,57,35,35,2333400,11,11,4,4,3,4,4,57,142,35,0.08897243107769423,3,6,2.793859649122807,0.0,5,True,4
397,9,293,76,62,62,2534037,11,11,4,4,3,4,4,76,174,62,0.061052631578947365,4,5,3.2126315789473683,0.0,6,True,5
398,9,270,198,136,136,2534041,11,11,4,4,3,4,4,198,570,136,0.029226272881095215,4,6,3.6200071783828127,0.0,6,True,5
399,9,15,204,140,140,2534053,11,11,4,4,3,4,4,204,576,140,0.02781802376122863,4,6,3.695547184390998,0.0,7,True,6
400,9,159,320,170,170,2534116,11,11,4,4,2,4,4,320,1012,170,0.019827586206896553,5,7,3.8824843260188087,0.0,7,True,5
401,9,267,484,128,128,2534120,11,11,4,4,3,4,4,484,1702,128,0.014561196379378197,4,8,4.0413052033605394,0.0,7,True,6
402,9,290,102,74,74,2534556,11,11,4,4,3,4,4,102,276,74,0.05358182877111241,4,6,3.1195884294311784,0.0,6,True,5
403,9,74,306,158,158,2534569,11,11,4,4,3,4,4,306,991,158,0.021236472731168972,4,7,3.765520197149898,0.0,7,True,6
404,9,104,542,300,300,2534572,11,11,4,4,3,4,4,542,1849,300,0.012611604859116983,4,7,4.147171767466288,0.0,7,True,5
405,9,124,782,240,240,2534628,11,11,4,4,3,4,4,782,3016,240,0.009876510867109188,5,8,4.180629463832519,0.0,8,True,6
406,9,221,94,38,38,3037396,11,11,4,4,2,4,4,94,285,38,0.06520247083047358,3,8,3.019217570350034,0.0,6,True,5
407,9,333,74,27,27,6625479,11,11,4,4,2,4,4,74,197,27,0.07293594964827842,3,7,3.001851166234728,0.0,6,True,4
408,9,202,340,114,114,6625764,11,11,4,4,3,4,4,340,1058,114,0.01835849384001388,5,7,3.941055006073226,0.0,7,True,6
409,9,364,38,32,32,6628495,11,11,4,4,3,4,4,38,74,32,0.10526315789473684,3,5,2.8890469416785205,0.0,5,True,4
410,9,393,36,28,28,6628749,11,11,4,4,3,4,4,36,79,28,0.1253968253968254,2,5,2.6095238095238096,0.0,5,True,3
411,9,352,220,164,164,6628755,11,11,4,4,3,4,4,220,616,164,0.025570776255707764,5,6,3.8069738480697386,0.0,7,True,5
412,9,69,372,268,268,6628773,11,11,4,4,3,4,4,372,1116,268,0.016172506738544475,6,6,4.082427614990001,0.0,7,True,5
413,9,208,340,178,178,6628836,11,11,4,4,3,4,4,340,1058,178,0.01835849384001388,5,7,3.941055006073226,0.0,7,True,5
414,9,274,476,140,140,6628848,11,11,4,4,3,4,4,476,1702,140,0.015055285272003538,5,8,3.945077399380805,0.0,7,True,6
415,9,151,198,142,142,6629531,11,11,4,4,3,4,4,198,570,142,0.029226272881095215,4,6,3.6200071783828127,0.0,6,True,5
416,9,236,542,298,298,6629797,11,11,4,4,3,4,3,542,1849,298,0.012611604859116983,4,7,4.147171767466288,0.0,7,True,6
417,9,93,1052,604,604,6629809,11,11,4,4,3,4,4,1052,3682,604,0.006660323501427212,7,7,4.722473255599411,0.0,7,True,6
418,9,60,1096,604,604,6629812,11,11,4,4,3,4,4,1096,3836,604,0.006392694063926941,7,7,4.7181981801819814,0.0,7,True,6
419,9,144,1594,488,488,6629860,11,11,4,4,3,4,4,1594,6232,488,0.004908551449605827,5,8,4.79046896672314,0.0,9,True,6
420,9,269,204,144,144,6630042,11,11,4,4,3,4,4,204,576,144,0.02781802376122863,4,6,3.695547184390998,0.0,7,True,5
421,9,62,1052,604,604,6630320,11,11,4,4,3,4,3,1052,3682,604,0.006660323501427212,7,7,4.722473255599411,0.0,7,True,6
422,9,188,192,114,114,6633649,11,11,4,4,3,4,4,192,564,114,0.030759162303664923,4,7,3.649869109947644,0.0,6,True,5
423,9,25,542,316,316,6633650,11,11,4,4,3,4,4,542,1849,316,0.012611604859116983,4,7,4.147171767466288,0.0,7,True,6
424,9,248,178,102,102,6633656,11,11,4,4,2,4,3,178,533,102,0.03383482511267695,5,7,3.5345648447914684,0.0,6,True,5
425,9,166,920,300,300,6633670,11,11,4,4,3,4,3,920,3356,300,0.007938685716989165,6,8,4.532409991957231,0.0,7,True,6
426,9,37,1544,492,492,6633674,11,11,4,4,3,4,4,1544,6144,492,0.005157841362798398,7,8,4.651423443329225,0.0,8,True,7
427,9,59,3004,984,984,6633682,11,11,4,4,3,4,3,3004,12016,984,0.002664002664002664,8,8,5.37077879954045,0.0,9,True,7
428,9,171,952,300,300,6666440,11,11,4,4,3,4,3,952,3448,300,0.007616926896941742,6,8,4.567894034585443,0.0,7,True,6
429,9,149,806,0,0,7132368,11,11,4,4,3,4,3,806,3325,0,0.010249217822850362,2,9,4.107350153352958,0.0,9,True,6
430,9,353,202,74,74,7165128,11,11,4,4,2,4,3,202,636,74,0.03132850598492685,4,8,3.638589232057534,0.0,6,True,5
431,9,48,1334,0,0,7165136,11,11,4,4,2,4,3,1334,5415,0,0.006090353173000896,6,9,4.648600680904859,0.0,8,True,6
432,9,147,596,328,328,73708720,11,11,4,4,3,4,3,596,1990,328,0.01122328125881225,5,7,4.304077604196041,0.0,7,True,6
433,9,170,58,3,3,76040176,11,11,4,5,3,5,4,58,168,3,0.10163339382940109,2,8,2.6811857229280096,0.0,5,True,5
434,9,275,340,184,184,76067982,11,11,4,5,3,5,4,340,1058,184,0.01835849384001388,5,7,3.941055006073226,0.0,7,True,6
435,9,132,476,158,158,76067990,11,11,4,5,3,5,4,476,1702,158,0.015055285272003538,5,8,3.945077399380805,0.0,7,True,6
436,9,46,1052,592,592,76068009,11,11,4,5,3,5,4,1052,3682,592,0.006660323501427212,7,7,4.722473255599411,0.0,7,True,7
437,9,158,504,296,296,76068066,11,11,4,5,3,5,4,504,1740,296,0.013727160844457067,6,7,4.07455268389662,0.0,7,True,6
438,9,194,462,154,154,76068080,11,11,4,5,3,5,3,462,1648,154,0.015475486191321332,5,8,3.9489064803598426,0.0,7,True,6
439,9,228,116,48,48,76071912,11,11,4,5,3,5,4,116,334,48,0.05007496251874063,3,8,3.3304347826086955,0.0,6,True,5
440,9,263,283,3,3,76072432,11,11,4,5,3,5,4,283,1115,3,0.027942761195900057,3,9,3.4057840262636896,0.0,6,True,6
441,9,178,754,272,272,76072880,11,11,4,5,3,5,3,754,2904,272,0.010229638475276612,5,8,4.178479715091887,0.0,7,True,6
442,9,11,452,174,174,76072928,11,11,4,5,3,5,4,452,1594,174,0.015638796774130253,5,8,4.005670780762514,0.0,7,True,6
443,9,117,528,296,296,76131009,11,11,4,5,3,5,3,528,1824,296,0.013110229429015009,6,7,4.07824449427865,0.0,7,True,6
444,9,362,156,93,93,76131536,11,11,4,5,3,5,3,156,469,93,0.03879239040529363,4,7,3.410090984284533,0.0,6,True,6
445,9,254,484,174,174,76134540,11,11,4,5,3,5,3,484,1702,174,0.014561196379378197,4,8,4.0413052033605394,0.0,7,True,6
446,9,79,1578,544,544,76134548,11,11,4,5,3,5,3,1578,6216,544,0.004995768545464629,5,8,4.749868394932542,0.0,8,True,6
447,9,264,462,164,164,76134593,11,11,4,5,3,5,4,462,1660,164,0.015588171770384351,5,8,3.915316787334141,0.0,7,True,6
448,9,113,1550,544,544,76134596,11,11,4,5,3,5,3,1550,6056,544,0.005044669818196964,5,8,4.791229305066745,0.0,9,True,6
449,9,374,192,114,114,76138432,11,11,4,5,3,5,4,192,558,114,0.03043193717277487,4,7,3.6729930191972078,0.0,7,True,5
450,9,168,1564,542,542,76139204,11,11,4,5,3,5,3,1564,6112,542,0.005000548162184009,5,8,4.787875961533741,0.0,9,True,7
451,9,174,2270,0,0,76139232,11,11,4,5,3,5,3,2270,9879,0,0.003836035591762561,5,9,4.830000990170134,0.0,9,True,7
452,9,50,2198,0,0,76142788,11,11,4,5,3,5,3,2198,9693,0,0.004014490766836902,5,9,4.722555325050331,0.0,9,True,7
453,9,121,542,312,312,77997714,11,11,4,5,3,5,3,542,1849,312,0.012611604859116983,4,7,4.147171767466288,0.0,7,True,6
454,9,201,542,312,312,77997720,11,11,4,5,3,5,4,542,1849,312,0.012611604859116983,4,7,4.147171767466288,0.0,7,True,6
455,9,181,952,312,312,77997762,11,11,4,5,3,5,3,952,3448,312,0.007616926896941742,6,8,4.567894034585443,0.0,7,True,6
456,9,16,1534,504,504,77997764,11,11,4,5,3,5,3,1534,6040,504,0.005136879991767385,5,8,4.7633488715448316,0.0,8,True,7
457,9,13,908,340,340,78231696,11,11,4,5,3,5,3,908,3284,340,0.007975171087333466,6,8,4.560078488894502,0.0,7,True,6
458,9,65,3004,1052,1052,78235810,11,11,4,5,3,5,3,3004,12016,1052,0.002664002664002664,8,8,5.37077879954045,0.0,9,True,6
459,9,5,2684,0,0,78235872,11,11,4,5,3,5,3,2684,11058,0,0.0030711667489680848,7,9,5.216901082212729,0.0,9,True,7
460,9,99,1550,542,542,78262425,11,11,4,5,3,5,4,1550,6056,542,0.005044669818196964,5,8,4.791229305066745,0.0,9,True,6
461,9,92,3088,1052,1052,78262724,11,11,4,5,3,5,3,3088,12352,1052,0.0025915127955944283,8,8,5.3669415952909665,0.0,9,True,7
462,9,103,1534,542,542,78262736,11,11,4,5,3,5,3,1534,6040,542,0.005136879991767385,5,8,4.7633488715448316,0.0,8,True,7
463,9,32,2292,0,0,78269664,11,11,4,5,3,5,3,2292,9938,0,0.0037852039584290297,4,9,4.858017525136298,0.0,9,True,7
464,9,95,4306,0,0,78270668,11,11,4,5,3,5,3,4306,19201,0,0.0020716036236070674,5,9,5.321802978098788,0.0,9,True,7
465,9,143,4402,0,0,78270916,11,11,4,5,3,5,3,4402,19633,0,0.002026820346992717,5,9,5.307152942502742,0.0,9,True,7
466,9,43,4378,0,0,78272712,11,11,4,5,3,5,3,4378,19525,0,0.0020378336737376626,5,9,5.3113668953319575,0.0,9,True,7
467,9,222,399,1,1,78534848,11,11,4,5,3,5,3,399,1469,1,0.018501026435435323,4,9,3.8620672283724384,0.0,7,True,6
468,9,416,9,4,4,2264572,12,12,3,4,3,4,6,9,12,4,0.3333333333333333,1,4,1.9722222222222223,0.0,4,True,3
469,9,372,63,35,35,2268636,12,12,4,4,3,4,5,63,154,35,0.07885304659498207,3,6,2.853558627752176,0.0,5,True,4
470,9,246,100,54,54,2276582,12,12,4,4,3,4,4,100,276,54,0.055757575757575756,3,7,3.1626262626262625,0.0,6,True,5
471,9,387,42,28,28,2534812,12,12,4,4,3,4,4,42,100,28,0.11614401858304298,3,6,2.5760743321718933,0.0,5,True,4
472,9,239,119,3,3,3037912,12,12,4,4,3,4,4,119,418,3,0.059535678678250964,5,9,2.9787779518587096,0.0,6,True,6
473,9,278,75,55,55,6629787,12,12,4,4,3,4,4,75,198,55,0.07135135135135136,2,6,2.9931531531531532,0.0,6,True,5
474,9,382,85,57,57,6630298,12,12,4,4,3,4,4,85,216,57,0.06050420168067227,2,6,3.1336134453781512,0.0,6,True,6
475,9,216,174,100,100,6633654,12,12,4,4,3,4,4,174,513,100,0.03408411401235798,3,7,3.478705733838283,0.0,6,True,5
476,9,306,188,102,102,6633657,12,12,4,4,3,4,4,188,556,102,0.0316304471498464,5,7,3.5869268403686427,0.0,6,True,5
477,9,140,1578,492,492,6633686,12,12,4,4,3,4,4,1578,6216,492,0.004995768545464629,5,8,4.749868394932542,0.0,8,True,7
478,9,88,182,100,100,6633908,12,12,4,4,3,4,4,182,535,100,0.03248133082387226,3,7,3.4999696436160526,0.0,6,True,5
479,9,354,46,17,17,6659312,12,12,4,4,3,4,4,46,107,17,0.10338164251207729,2,7,2.8067632850241546,0.0,5,True,5
480,9,323,340,192,192,6666424,12,12,4,4,3,4,4,340,1058,192,0.01835849384001388,5,7,3.941055006073226,0.0,7,True,5
481,9,328,460,162,162,7165132,12,12,4,4,3,4,4,460,1658,162,0.015705219285781946,5,8,3.8949417448138677,0.0,7,True,6
482,9,108,1148,0,0,7165648,12,12,4,4,3,4,4,1148,4916,0,0.007466835161563721,5,9,4.274271011485803,0.0,9,True,7
483,9,324,220,74,74,15414424,12,12,4,4,2,4,3,220,682,74,0.028310502283105023,4,8,3.6968451639684514,0.0,7,True,6
484,9,39,166,0,0,15422664,12,12,4,4,2,4,3,166,594,0,0.043373493975903614,1,9,3.206425702811245,0.0,9,True,6
485,9,367,24,13,13,76067308,12,12,4,5,3,5,5,24,45,13,0.16304347826086957,2,5,2.4420289855072466,0.0,5,True,4
486,9,165,784,242,242,76068082,12,12,4,5,3,5,4,784,3052,242,0.009943440977923736,5,8,4.144499178981937,0.0,7,True,7
487,9,240,168,99,99,76068324,12,12,4,5,3,5,4,168,499,99,0.03557171371542629,4,7,3.426005132591959,0.0,6,True,5
488,9,280,356,8,8,76072944,12,12,4,5,3,5,4,356,1328,8,0.021015983541699635,4,9,3.699699319512581,0.0,7,True,6
489,9,287,170,93,93,76131032,12,12,4,5,3,5,4,170,513,93,0.03571179951270449,4,7,3.4096762965541245,0.0,6,True,5
490,9,162,494,160,160,76131568,12,12,4,5,3,5,4,494,1728,160,0.014190570825566021,5,8,4.059636530865313,0.0,7,True,6
491,9,182,476,164,164,76134542,12,12,4,5,3,5,4,476,1702,164,0.015055285272003538,5,8,3.945077399380805,0.0,7,True,6
492,9,85,814,272,272,76134616,12,12,4,5,3,5,4,814,3132,272,0.009465352638784372,5,8,4.1976300352684115,0.0,8,True,7
493,9,205,768,264,264,76135136,12,12,4,5,3,5,4,768,2984,264,0.010131464580617124,7,8,4.143568692959583,0.0,8,True,6
494,9,129,126,4,4,76138224,12,12,4,5,3,5,4,126,411,4,0.05219047619047619,3,9,3.2191746031746034,0.0,6,True,5
495,9,98,160,94,94,76138436,12,12,4,5,3,5,4,160,495,94,0.03891509433962264,4,7,3.287578616352201,0.0,6,True,5
496,9,131,484,182,182,76138448,12,12,4,5,3,5,4,484,1702,182,0.014561196379378197,4,8,4.0413052033605394,0.0,7,True,7
497,9,187,1114,0,0,76142804,12,12,4,5,3,5,4,1114,4825,0,0.0077829987047154485,5,9,4.173400371970881,0.0,8,True,7
498,9,44,564,312,312,77997715,12,12,4,5,3,5,4,564,1926,312,0.012131060806469899,4,7,4.140067772696925,0.0,7,True,6
499,9,24,1610,504,504,77997778,12,12,4,5,3,5,4,1610,6344,504,0.004897915066261595,5,8,4.757303058494725,0.0,8,True,6
500,9,136,1536,504,504,77997780,12,12,4,5,3,5,4,1536,6072,504,0.005150651465798046,7,8,4.728944421824104,0.0,8,True,7
501,9,338,24,11,11,78027969,12,12,4,5,3,5,4,24,45,11,0.16304347826086957,2,5,2.4420289855072466,0.0,5,True,4
502,9,161,494,164,164,78032096,12,12,4,5,3,5,3,494,1728,164,0.014190570825566021,5,8,4.059636530865313,0.0,7,True,6
503,9,279,66,32,32,78036160,12,12,4,5,3,5,4,66,156,32,0.07272727272727272,3,6,3.0606060606060606,0.0,6,True,4
504,9,89,952,340,340,78231697,12,12,4,5,3,5,4,952,3448,340,0.007616926896941742,6,8,4.567894034585443,0.0,7,True,6
505,9,78,1594,564,564,78231698,12,12,4,5,3,5,4,1594,6232,564,0.004908551449605827,5,8,4.79046896672314,0.0,9,True,6
506,9,96,952,340,340,78231728,12,12,4,5,3,5,3,952,3448,340,0.007616926896941742,6,8,4.567894034585443,0.0,7,True,6
507,9,125,1578,542,542,78236066,12,12,4,5,3,5,4,1578,6216,542,0.004995768545464629,5,8,4.749868394932542,0.0,8,True,7
508,9,34,2262,0,0,78236128,12,12,4,5,3,5,3,2262,9965,0,0.003896854008949664,5,9,4.748293733240888,0.0,9,True,7
509,9,191,818,0,0,78239952,12,12,4,5,3,5,3,818,3411,0,0.010207898776907585,2,9,4.090473525600548,0.0,9,True,6
510,9,38,1568,542,542,78262451,12,12,4,5,3,5,4,1568,6176,542,0.005027154448250264,5,8,4.757119088860816,0.0,8,True,7
511,9,3,1626,542,542,78262732,12,12,4,5,3,5,4,1626,6360,542,0.00481407891001987,5,8,4.792522282145899,0.0,9,True,6
512,9,72,1594,542,542,78262740,12,12,4,5,3,5,3,1594,6232,542,0.004908551449605827,5,8,4.79046896672314,0.0,9,True,7
513,9,109,1628,542,542,78262744,12,12,4,5,3,5,4,1628,6368,542,0.004808294912781699,5,8,4.786565466958829,0.0,9,True,6
514,9,94,4470,0,0,78270924,12,12,4,5,3,5,3,4470,19939,0,0.001996252583669855,5,9,5.313387026610861,0.0,9,True,7
515,9,28,8836,0,0,78272716,12,12,4,5,3,5,3,8836,39762,0,0.0010186757215619694,9,9,6.020661578155731,0.0,9,True,7
516,9,173,840,0,0,78302432,12,12,4,5,3,5,3,840,3452,0,0.009796242692547818,4,9,4.111181111300301,0.0,8,True,6
517,9,118,1610,542,542,78328496,12,12,4,5,3,5,3,1610,6344,542,0.004897915066261595,5,8,4.757303058494725,0.0,8,True,7
518,9,167,1384,0,0,78534852,12,12,4,5,3,5,3,1384,5602,0,0.005853489314926502,4,9,4.609641643574537,0.0,8,True,7
519,9,30,1398,0,0,78534864,12,12,4,5,3,5,3,1398,5655,0,0.0057910728384859035,6,9,4.6817562260433405,0.0,8,True,7
520,9,75,2214,0,0,78535360,12,12,4,5,3,5,4,2214,9699,0,0.003959113246803503,5,9,4.805458914658434,0.0,9,True,7
521,9,235,124,50,50,82655424,12,12,4,5,3,5,3,124,348,50,0.045633359559402044,3,8,3.4316810910044584,0.0,7,True,5
522,9,252,726,16,16,82663616,12,12,4,5,3,5,3,726,2800,16,0.010639308444951078,4,9,4.242059466134701,0.0,8,True,6
523,9,217,305,0,0,223103396,12,12,4,5,3,5,3,305,1178,0,0.02540983606557377,2,9,3.4598144952545296,0.0,8,True,6
524,9,175,2336,0,0,223103400,12,12,4,5,3,5,3,2336,10200,0,0.003739990026693262,6,9,4.835504971986741,0.0,9,True,7
525,9,184,844,0,0,223103650,12,12,4,5,3,5,3,844,3477,0,0.009773827393702248,2,9,4.12303722318733,0.0,9,True,7
526,9,68,4514,0,0,223103656,12,12,4,5,3,5,3,4514,20137,0,0.001976959978071521,5,9,5.314398585251822,0.0,9,True,7
527,9,153,1129,3,3,223136448,12,12,4,5,3,5,4,1129,4939,3,0.007756503275980124,3,9,4.122206936408923,0.0,8,True,6
528,9,204,476,162,162,15414426,13,13,4,4,3,4,4,476,1702,162,0.015055285272003538,5,8,3.945077399380805,0.0,7,True,6
529,9,229,27,10,10,15414512,13,13,4,4,2,4,4,27,63,10,0.1794871794871795,3,6,2.4444444444444446,0.0,5,True,4
530,9,211,70,2,2,15420648,13,13,4,4,2,4,4,70,191,2,0.07908902691511387,2,9,3.0111801242236025,0.0,6,True,5
531,9,310,153,3,3,15422668,13,13,4,4,3,4,4,153,570,3,0.049019607843137254,2,9,2.927330581355349,0.0,6,True,6
532,9,42,170,99,99,76068332,13,13,4,5,3,5,4,170,513,99,0.03571179951270449,4,7,3.4096762965541245,0.0,6,True,5
533,9,288,227,5,5,76138480,13,13,4,5,3,5,4,227,787,5,0.030681065065689447,4,9,3.4789676815718686,0.0,6,True,6
534,9,265,162,94,94,77997711,13,13,4,5,3,5,4,162,496,94,0.038033893106356874,4,7,3.3180737673491296,0.0,6,True,5
535,9,394,46,19,19,78027971,13,13,4,5,3,5,4,46,107,19,0.10338164251207729,2,7,2.8067632850241546,0.0,5,True,5
536,9,227,340,198,198,78030520,13,13,4,5,3,5,4,340,1058,198,0.01835849384001388,5,7,3.941055006073226,0.0,7,True,5
537,9,115,494,176,176,78036162,13,13,4,5,3,5,4,494,1728,176,0.014190570825566021,5,8,4.059636530865313,0.0,7,True,6
538,9,260,220,82,82,78231694,13,13,4,5,3,5,4,220,682,82,0.028310502283105023,4,8,3.6968451639684514,0.0,7,True,5
539,9,224,988,340,340,78231729,13,13,4,5,3,5,4,988,3556,340,0.007293192063628794,6,8,4.598892895085505,0.0,7,True,6
540,9,41,1610,564,564,78231732,13,13,4,5,3,5,4,1610,6344,564,0.004897915066261595,5,8,4.757303058494725,0.0,8,True,6
541,9,1,736,1,1,78239956,13,13,4,5,3,5,4,736,3282,1,0.012133984028393966,3,9,3.7276249630286897,0.0,7,True,7
542,9,27,4538,0,0,78272972,13,13,4,5,3,5,4,4538,20245,0,0.0019665930768735357,5,9,5.307363781251904,0.0,9,True,7
543,9,67,276,92,92,78296304,13,13,4,5,3,5,4,276,951,92,0.025059288537549407,2,8,3.6717786561264822,0.0,9,True,6
544,9,70,870,0,0,78534860,13,13,4,5,3,5,4,870,3255,0,0.008610769413912147,5,9,4.417740036771027,0.0,7,True,6
545,9,154,1348,6,6,78534868,13,13,4,5,3,5,4,1348,5543,6,0.006105445885900969,6,9,4.504512720872188,0.0,8,True,7
546,9,45,2366,0,0,78535368,13,13,4,5,3,5,4,2366,10287,0,0.003676824070383999,5,9,4.838795194072475,0.0,9,True,7
547,9,31,4580,0,0,78535376,13,13,4,5,3,5,4,4580,20322,0,0.0019380292220703783,6,9,5.4090808523056175,0.0,9,True,7
548,9,294,128,50,50,78560448,13,13,4,5,3,5,4,128,358,50,0.04404527559055118,3,8,3.4648129921259843,0.0,7,True,5
549,9,66,744,16,16,78568640,13,13,4,5,3,5,4,744,2863,16,0.010358326459138338,4,9,4.249283636521513,0.0,8,True,6
550,9,142,494,178,178,82655425,13,13,4,5,3,5,4,494,1728,178,0.014190570825566021,5,8,4.059636530865313,0.0,7,True,6
551,9,218,608,4,4,82663620,13,13,4,5,3,5,4,608,2516,4,0.013634787132576086,5,9,3.8746206537761205,0.0,7,True,7
552,9,183,1246,0,0,82663624,13,13,4,5,3,5,3,1246,5219,0,0.006728680371566523,3,9,4.4583457425206445,0.0,9,True,7
553,9,17,1384,8,8,93644016,13,13,4,5,3,5,3,1384,5658,8,0.005912003310220305,6,9,4.573082935229187,0.0,8,True,7
554,9,150,344,4,4,95774944,13,13,4,5,3,5,3,344,1198,4,0.0203064614550139,3,9,3.8441250254254524,0.0,7,True,6
555,9,29,4594,0,0,223103404,13,13,4,5,3,5,4,4594,20497,0,0.0019428213193005085,5,9,5.314682551982105,0.0,9,True,7
556,9,21,541,0,0,223103654,13,13,4,5,3,5,4,541,2253,0,0.015424111727254056,1,9,3.690045868419251,0.0,9,True,6
557,9,52,4592,0,0,223103690,13,13,4,5,3,5,4,4592,20488,0,0.0019436604111817016,5,9,5.317998800106556,0.0,9,True,7
558,9,36,2408,0,0,223136992,13,13,4,5,3,5,3,2408,10412,0,0.003592787923374101,4,9,4.890304027428306,0.0,9,True,7
559,9,377,119,38,38,15414513,14,14,4,4,3,4,4,119,355,38,0.050562597920524144,3,8,3.1652186298248113,0.0,6,True,5
560,9,164,115,5,5,15420904,14,14,4,4,3,4,4,115,379,5,0.0578184591914569,2,9,3.0013729977116705,0.0,6,True,6
561,9,299,99,34,34,76134652,14,14,4,5,3,5,5,99,296,34,0.06101834673263245,4,8,3.0061842918985775,0.0,6,True,5
562,9,298,269,88,88,76135160,14,14,4,5,3,5,4,269,898,88,0.024912611662875214,4,8,3.605032458525218,0.0,7,True,6
563,9,412,30,18,18,78036152,14,14,4,5,3,5,4,30,59,18,0.135632183908046,2,5,2.6620689655172414,0.0,5,True,4
564,9,347,68,2,2,78235632,14,14,4,5,3,5,4,68,187,2,0.08208955223880597,2,9,2.9569798068481123,0.0,6,True,4
565,9,19,630,4,4,78568644,14,14,4,5,3,5,4,630,2571,4,0.01297600121129533,5,9,3.911979206096853,0.0,7,True,7
566,9,61,1216,2,2,78568656,14,14,4,5,3,5,4,1216,5209,2,0.00705138618150314,4,9,4.257829759584146,0.0,8,True,7
567,9,141,238,82,82,82523376,14,14,4,5,3,5,4,238,738,82,0.026167428996915224,4,8,3.7236464205935538,0.0,7,True,5
568,9,90,538,182,182,82655429,14,14,4,5,3,5,4,538,1852,182,0.012820779076931597,4,8,4.133946681619627,0.0,7,True,6
569,9,193,772,4,4,93677816,14,14,4,5,3,5,4,772,2986,4,0.010033399864250048,5,9,4.246782658951768,0.0,8,True,6
570,9,77,1478,0,0,95774945,14,14,4,5,3,5,4,1478,5967,0,0.00546677379723189,6,9,4.679905598060656,0.0,8,True,7
571,9,112,1464,0,0,223136232,14,14,4,5,3,5,4,1464,5914,0,0.005522375237647024,4,9,4.611370079446007,0.0,8,True,6
572,9,7,4670,0,0,223136488,14,14,4,5,3,5,4,4670,20839,0,0.0019114639682300178,5,9,5.30979667706679,0.0,9,True,7
573,9,33,1414,0,0,223141064,14,14,4,5,3,5,4,1414,5799,0,0.005804857100814722,6,9,4.518813482804149,0.0,8,True,7
574,9,57,672,0,0,223699696,14,14,4,5,3,5,4,672,2714,0,0.012037825562415727,2,9,4.014144666808601,0.0,9,True,7
575,9,189,836,0,0,1293019364,14,14,4,5,3,5,4,836,3505,0,0.010042116723490818,5,9,4.029292610950348,0.0,8,True,7
576,9,356,80,6,6,1295116512,14,14,4,5,3,5,4,80,262,6,0.08291139240506329,3,9,2.7531645569620253,0.0,5,True,6
577,9,312,278,4,4,93678072,15,15,4,5,3,5,4,278,1026,4,0.026647274238371037,5,9,3.494740669558216,0.0,7,True,6
578,9,111,242,4,4,223540464,15,15,4,5,3,5,4,242,839,4,0.02877130413908988,3,9,3.4909639587119785,0.0,7,True,6
579,9,225,862,0,0,223634936,15,15,4,5,3,5,4,862,3577,0,0.009639145115349065,2,9,4.105933585023619,0.0,9,True,7
580,9,114,893,0,0,223700720,15,15,4,5,3,5,4,893,3667,0,0.009207136723595077,2,9,4.145019308121463,0.0,9,True,7
581,9,340,94,4,4,225831136,15,15,4,5,3,5,4,94,316,4,0.07229466941203386,1,9,2.847403340196751,0.0,8,True,5
582,9,249,129,4,4,1295084004,15,15,4,5,3,5,4,129,413,4,0.05002422480620155,2,9,3.1155523255813953,0.0,6,True,5
583,9,14,609,3,3,1295116514,15,15,4,5,3,5,4,609,2629,3,0.014200371618701928,4,9,3.6437105695272662,0.0,7,True,7
584,9,391,21,1,1,1379462376,15,15,4,6,3,6,4,21,50,1,0.23809523809523808,2,7,2.033333333333333,0.0,4,True,4
585,9,213,567,0,0,1435718342,15,15,4,6,3,6,4,567,2368,0,0.014757480010719115,1,9,3.716996653392413,0.0,9,True,7
